Rank,PDB,N,Fmax_eps_per_A,Ln_A,Lm_A,Lf_A,Pattern,CATH
1,1c4p,137,5.4,50.4,140.8,516.8,M,3.10.20.180
2,1qqr,138,5.2,52.3,144.7,520.6,M,3.10.20.180
3,1g1k,143,4.2,43.5,83.7,539.6,MA,2.60.40.680
4,1aoh,147,4.0,34.0,71.1,554.8,MA,2.60.40.680
5,1ssn,136,3.8,9.5,187.1,513.0,B1M,3.10.20.130
6,1ie5*,107,3.8,51.5,102.2,402.8,MA,2.60.40.10
7,1c76,136,3.7,29.0,103.5,513.0,MA,3.10.20.130
8,1ppx,129,3.7,36.0,224.9,486.4,B2M,3.90.79.10
9,1c77,136,3.6,27.2,144.1,513.0,MA,3.10.20.130
10,1c79,136,3.6,27.2,140.3,513.0,MA,3.10.20.130
11,1yn4,99,3.6,35.4,62.8,372.4,MA,
12,1c78,136,3.6,27.2,140.3,513.0,MA,3.10.20.130
13,2sak,121,3.6,31.9,108.5,456.0,MA,3.10.20.130
14,1v5o,102,3.6,63.8,127.4,383.8,MA,
15,1sp0,131,3.6,40.6,117.1,494.0,MA,
16,1so9,131,3.5,40.6,122.5,494.0,MA,
17,1sn0,130,3.5,21.5,124.6,490.2,MA,2.60.40.180
18,1oo2,119,3.5,12.9,129.1,448.4,MA,2.60.40.180
19,1i3v,129,3.5,40.4,64.5,486.4,MA,2.60.40.10
20,1i9e,115,3.5,49.5,66.5,433.2,MA,2.60.40.10
21,1nam,116,3.5,35.2,47.5,437.0,MA,2.60.40.10
22,1eaj,126,3.5,41.6,61.9,475.0,MA,2.60.40.10
23,1kiq*,107,3.4,36.2,46.1,402.8,MA,2.60.40.10
24,1f5w,126,3.4,41.4,63.9,475.0,MA,2.60.40.10
25,2ncm,99,3.4,42.1,73.5,372.4,MA,2.60.40.10
26,1pgx,83,3.4,62.7,83.0,311.6,MA,3.10.20.10
27,1m94,73,3.4,27.4,36.9,273.6,MA,3.10.20.90
28,1anu,138,3.4,24.0,34.7,520.6,MA,2.60.40.680
29,1eta,127,3.4,12.6,123.8,478.8,MA,2.60.40.180
30,1kip*,107,3.4,36.3,47.3,402.8,MA,2.60.40.10
31,1sn2,130,3.4,21.6,89.2,490.2,MA,2.60.40.180
32,1tum,129,3.4,33.7,211.7,486.4,B2M,3.90.79.10
33,1nme,146,3.4,52.8,289.4,551.0,B2MA,3.40.50.1460
34,1h5b*,113,3.3,40.5,61.3,425.6,MA,2.60.40.10
35,1npu,116,3.3,40.6,54.0,437.0,MA,
36,1mvf,135,3.3,38.7,73.0,509.2,MA,2.60.40.10
37,43c9*,113,3.3,36.5,46.9,425.6,MA,2.60.40.10
38,1hz6,72,3.3,41.6,59.0,269.8,M,3.10.20.10
39,1bzd,127,3.3,11.0,124.7,478.8,MA,2.60.40.180
40,1a2y,107,3.3,37.0,49.3,402.8,MA,2.60.40.10
41,1km7,100,3.3,35.8,95.7,376.2,MA,3.10.20.90
42,1lve*,122,3.3,39.2,51.0,459.8,MA,2.60.40.10
43,1b88,114,3.3,39.0,64.5,429.4,MA,2.60.40.10
44,1eo6,117,3.2,22.1,152.4,440.8,B1MA,3.10.20.90
45,1ie4,127,3.2,15.3,97.2,478.8,MA,2.60.40.180
46,1k53,72,3.2,32.5,78.1,269.8,MA,3.10.20.10
47,1kgi,127,3.2,19.2,98.7,478.8,MA,2.60.40.180
48,1oau,122,3.2,43.4,56.9,459.8,MA,2.60.40.10
49,1vhp,117,3.2,40.8,49.2,440.8,MA,2.60.40.10
50,1h8c,82,3.2,39.5,55.3,307.8,MA,3.10.20.90
51,1jf8,131,3.2,17.3,378.3,494.0,B3M,3.40.50.270
52,1jrk,156,3.2,42.2,213.8,589.0,B2MA,3.90.79.10
53,1sn5,130,3.2,21.5,89.6,490.2,MA,2.60.40.180
54,1wtl,108,3.2,40.4,50.9,406.6,MA,2.60.40.10
55,1amx,150,3.1,32.1,197.6,566.2,B1MA,2.60.40.740
56,1qd0,128,3.1,40.2,48.2,482.6,MA,2.60.40.10
57,1ufy,122,3.1,30.8,78.1,459.8,MA,3.30.1330.40
58,1mg4,113,3.1,5.9,117.9,425.6,B1MA,3.10.20.230
59,1p7e,56,3.1,26.3,29.7,209.0,MA,3.10.20.10
60,1j05,111,3.1,36.2,47.2,418.0,MA,2.60.40.10
61,1jhl,108,3.1,39.1,52.7,406.6,MA,2.60.40.10
62,1bmz,127,3.1,11.5,75.2,478.8,MA,2.60.40.180
63,1bvk,108,3.1,39.7,63.3,406.6,MA,2.60.40.10
64,1c08*,107,3.1,35.3,47.9,402.8,MA,2.60.40.10
65,1oar,122,3.1,43.5,55.1,459.8,MA,2.60.40.10
66,1ttc,127,3.1,12.8,126.0,478.8,MA,2.60.40.180
67,1pun,129,3.1,34.2,193.9,486.4,B2M,3.90.79.10
68,1pus,129,3.1,36.1,194.1,486.4,B2M,3.90.79.10
69,1wiu,93,3.1,39.0,48.2,349.6,MA,2.60.40.10
70,1gko,127,3.1,11.6,79.2,478.8,B1MA,2.60.40.180
71,1n4x*,113,3.1,33.7,51.1,425.6,MA,2.60.40.10
72,1nvi,81,3.1,34.1,44.9,304.0,MA,3.10.20.30
73,1fvc,109,3.1,40.7,54.8,410.4,MA,2.60.40.10
74,1ugm,113,3.1,21.9,133.2,425.6,B2MA,2.60.40.10
75,1igd,61,3.1,40.4,49.7,228.0,MA,3.10.20.10
76,1ivl*,107,3.1,64.5,52.7,402.8,MA,2.60.40.10
77,1w19,147,3.1,21.6,204.7,554.8,B1MA,
78,1kir*,107,3.1,36.0,48.1,402.8,MA,2.60.40.10
79,1kmt,141,3.1,44.5,71.2,532.0,MA,2.70.50.30
80,1l2n,81,3.1,36.0,52.1,304.0,MA,3.10.20.90
81,1dfu,94,3.1,13.9,120.2,353.4,B1M,2.40.240.10
82,2rox,127,3.1,14.0,90.0,478.8,B1MA,2.60.40.180
83,1oaq,120,3.1,40.6,49.3,452.2,MA,2.60.40.10
84,1rlf,90,3.1,42.4,54.7,338.2,MA,3.10.20.90
85,1tvd,116,3.1,38.0,44.4,437.0,MA,2.60.40.10
86,2dlf,113,3.1,39.3,49.9,425.6,MA,2.60.40.10
87,2imm,114,3.1,39.9,49.4,429.4,MA,2.60.40.10
88,1pga,56,3.1,26.5,30.3,209.0,MA,3.10.20.10
89,1b9r,105,3.0,29.1,37.1,395.2,MA,3.10.20.30
90,1pav,78,3.0,13.0,85.1,292.6,B1MA,
91,1i3o,144,3.0,40.4,279.1,543.4,B2MA,3.40.50.1460
92,1bm7,127,3.0,12.2,73.2,478.8,MA,2.60.40.180
93,1k26,156,3.0,46.1,217.7,589.0,B2MA,3.90.79.10
94,1lqb,118,3.0,38.9,129.4,444.6,B1MA,3.10.20.90
95,1tbe,76,3.0,33.5,47.4,285.0,MA,3.10.20.90
96,1gb4,57,3.0,28.9,35.3,212.8,MA,3.10.20.10
97,1rbj*,124,3.0,32.0,252.1,467.4,B2M,3.10.130.10
98,1tfp,130,3.0,12.1,77.1,490.2,MA,2.60.40.180
99,1tyr,127,3.0,10.6,123.9,478.8,B1MA,2.60.40.180
100,1ves,113,3.0,35.1,43.7,425.6,MA,
101,1vfb*,107,3.0,36.6,48.2,402.8,MA,2.60.40.10
102,1lsl*,113,3.0,100.1,277.7,425.6,B1M,
103,1hz5,72,3.0,33.0,77.4,269.8,MA,3.10.20.10
104,1py9*,116,3.0,40.6,46.2,437.0,MA,2.60.40.10
105,1mff,137,3.0,18.8,316.1,516.8,B3MA,3.40.50.280
106,2try,127,3.0,10.8,124.1,478.8,B1MA,2.60.40.180
107,4lve,114,3.0,39.8,52.9,429.4,MA,2.60.40.10
108,1gke,120,3.0,15.1,98.8,452.2,MA,2.60.40.180
109,1etb,127,3.0,8.6,89.6,478.8,B1MA,2.60.40.180
110,1i8k*,107,3.0,34.3,44.4,402.8,MA,2.60.40.10
111,1ict,127,3.0,9.5,82.8,478.8,B1MA,2.60.40.180
112,1pqe,126,3.0,33.4,73.7,475.0,MA,2.40.40.20
113,1gnu,117,3.0,5.0,201.8,440.8,B3MA,3.10.20.90
114,1kot,119,3.0,12.7,165.1,448.4,B2MA,3.10.20.90
115,1ui9,122,3.0,27.9,60.3,459.8,MA,3.30.1330.40
116,1w29,146,3.0,19.4,205.7,551.0,B1MA,
117,1oax,122,3.0,43.7,55.6,459.8,MA,2.60.40.10
118,1qp1,107,2.9,36.7,47.5,402.8,MA,2.60.40.10
119,1bz8,126,2.9,20.7,117.1,475.0,B1MA,2.60.40.180
120,1mel,148,2.9,38.0,43.8,558.6,MA,2.60.40.10
121,1f2x,135,2.9,40.1,49.2,509.2,MA,2.60.40.10
122,1em7,56,2.9,25.9,30.5,209.0,MA,3.10.20.10
123,1com,127,2.9,25.7,52.2,478.8,MA,3.30.1330.40
124,1lm8,106,2.9,43.3,137.8,399.0,B1MA,3.10.20.90
125,1dvy,124,2.9,12.4,77.1,467.4,B1MA,2.60.40.180
126,1f86,115,2.9,12.1,112.5,433.2,B1MA,2.60.40.180
127,1rnz*,124,2.9,31.7,253.8,467.4,B3M,3.10.130.10
128,1tjn,125,2.9,34.1,247.8,471.2,B1MA,
129,1v80,76,2.9,37.1,50.9,285.0,MA,
130,1vjk,88,2.9,31.0,105.5,330.6,MA,
131,1wit,93,2.9,39.3,50.2,349.6,MA,2.60.40.10
132,1mfw,107,2.9,12.4,136.0,402.8,B1MA,3.10.20.230
133,1ic4,107,2.9,35.4,45.7,402.8,MA,2.60.40.10
134,2igd,61,2.9,40.6,48.7,228.0,MA,3.10.20.10
135,5lve,114,2.9,36.8,52.5,429.4,MA,2.60.40.10
136,1ieh,135,2.9,51.1,115.4,509.2,MA,2.60.40.10
137,1dvt,115,2.9,12.2,77.5,433.2,B1MA,2.60.40.180