PDB,source_PDB,Rank,N,Fmax_eps_per_A,Ln_A,Lm_A,Lf_A,Pattern,CATH,sequence_chain_count,sequence_length,sequence_raw_length,sequence_frac_hydrophobic,sequence_frac_polar,sequence_frac_positive,sequence_frac_negative,sequence_frac_glycine,sequence_frac_proline,sequence_frac_low_complexity,sequence_fraction_charged,sequence_net_charge,sequence_estimated_pI,sequence_hydrophobicity_mean,sequence_hydrophobicity_variance,sequence_frac_A,sequence_frac_C,sequence_frac_D,sequence_frac_E,sequence_frac_F,sequence_frac_G,sequence_frac_H,sequence_frac_I,sequence_frac_K,sequence_frac_L,sequence_frac_M,sequence_frac_N,sequence_frac_P,sequence_frac_Q,sequence_frac_R,sequence_frac_S,sequence_frac_T,sequence_frac_V,sequence_frac_W,sequence_frac_Y,ss_total_residues,ss_H,ss_B,ss_E,ss_G,ss_I,ss_T,ss_S,ss_frac_helix,ss_frac_beta,ss_frac_secondary,ss_fraction_helix,ss_fraction_strand,ss_fraction_coil,ss_helix_segment_count,ss_strand_segment_count,ss_helix_segment_mean_length,ss_strand_segment_mean_length,ss_longest_helix_length,ss_longest_strand_length,ss_transitions_per_residue,chain_list,domain_ranges,num_chains,num_residues,num_atoms,num_hetatm,num_models,num_disulfide_bonds,structure_contact_density,structure_radius_of_gyration,structure_mean_relative_sasa,structure_fraction_buried,structure_beta_topology_score
1g1k,1g1k,3,143,4.2,43.5,83.7,539.6,MA,2.60.40.680,2,286,287,0.5454545454545454,0.3006993006993007,0.08391608391608392,0.08391608391608392,0.0979020979020979,0.03496503496503497,0.13286713286713286,0.16783216783216784,-0.17288733024268765,6.534817772510905,0.21398601398601402,8.078126069734461,0.0979020979020979,0.006993006993006993,0.06993006993006994,0.013986013986013986,0.06293706293706294,0.0979020979020979,0.0,0.04895104895104895,0.08391608391608392,0.055944055944055944,0.013986013986013986,0.06293706293706294,0.03496503496503497,0.0,0.0,0.08391608391608392,0.13286713286713286,0.11888111888111888,0.0,0.013986013986013986,287,8,6,158,12,0,26,24,0.069686,0.571429,0.641115,0.06968641114982578,0.5714285714285714,0.3588850174216028,6,28,3.3333333333333335,5.857142857142857,4,14,0.3693379790940767,A|B,A:2-144|B:2-144,2,286,2054,226,1,0,10.475524475524475,19.99126913789683,0.09216479849964013,0.36363636363636365,5.986013986013985
1aoh,1aoh,4,147,4.0,34.0,71.1,554.8,MA,2.60.40.680,2,290,291,0.5896551724137931,0.2103448275862069,0.0896551724137931,0.13793103448275862,0.09655172413793103,0.06206896551724138,0.15862068965517243,0.22758620689655173,-14.147126941855024,4.348803884692643,0.08310344827586202,9.700369678953628,0.07586206896551724,0.006896551724137931,0.08275862068965517,0.05517241379310345,0.06896551724137931,0.09655172413793103,0.0,0.08275862068965517,0.06206896551724138,0.03793103448275862,0.006896551724137931,0.05517241379310345,0.06206896551724138,0.013793103448275862,0.027586206896551724,0.04827586206896552,0.05862068965517241,0.1310344827586207,0.0,0.027586206896551724,291,8,5,161,0,0,44,20,0.027491,0.570447,0.597938,0.027491408934707903,0.570446735395189,0.4020618556701031,2,27,4.0,6.148148148148148,4,15,0.3333333333333333,A|B,A:5-147|B:1-147,2,290,2127,381,1,0,10.282758620689656,19.606620042998227,0.09407446086705722,0.3586206896551724,5.86576608602915
1sn0,1sn0,17,130,3.5,21.5,124.6,490.2,MA,2.60.40.180,4,463,466,0.550755939524838,0.326133909287257,0.10583153347732181,0.09719222462203024,0.07775377969762419,0.05183585313174946,0.12958963282937366,0.20302375809935205,-15.277997780195054,5.57035422624449,-0.028077753779697602,8.103228918360397,0.10367170626349892,0.0064794816414686825,0.04319654427645788,0.05399568034557235,0.04319654427645788,0.07775377969762419,0.04535637149028078,0.03455723542116631,0.04319654427645788,0.06911447084233262,0.008639308855291577,0.017278617710583154,0.05183585313174946,0.04319654427645788,0.017278617710583154,0.058315334773218146,0.12095032397408208,0.1101511879049676,0.017278617710583154,0.03455723542116631,466,32,3,220,6,0,73,29,0.081545,0.478541,0.560086,0.0815450643776824,0.47854077253218885,0.43991416309012876,6,35,6.333333333333333,6.371428571428571,8,10,0.34334763948497854,A|B|C|D,A:10-127|B:10-125|C:11-125|D:10-123,4,463,3529,397,1,0,10.436285097192224,21.59016412554773,0.0931046673931949,0.39092872570194387,4.994187932776536
1oo2,1oo2,18,119,3.5,12.9,129.1,448.4,MA,2.60.40.180,4,464,467,0.5517241379310345,0.3275862068965517,0.10344827586206896,0.09482758620689655,0.08620689655172414,0.05172413793103448,0.13793103448275862,0.19827586206896552,-14.418624881309071,5.587430515820415,-0.04051724137931031,7.938616973840666,0.10344827586206896,0.008620689655172414,0.04310344827586207,0.05172413793103448,0.04310344827586207,0.08620689655172414,0.04310344827586207,0.034482758620689655,0.04310344827586207,0.06896551724137931,0.008620689655172414,0.017241379310344827,0.05172413793103448,0.04310344827586207,0.017241379310344827,0.0603448275862069,0.1206896551724138,0.10344827586206896,0.017241379310344827,0.034482758620689655,467,31,0,232,12,0,62,34,0.092077,0.496788,0.588865,0.09207708779443255,0.49678800856531047,0.41113490364025695,8,32,5.375,7.25,8,10,0.32548179871520344,A|B|C|D,A:9-124|B:9-124|C:9-124|D:9-124,4,464,3516,367,1,0,10.224137931034482,21.73510686420271,0.09543342792265205,0.35560344827586204,5.079229122055674
1i3v,1i3v,19,129,3.5,40.4,64.5,486.4,MA,2.60.40.10,2,258,259,0.5116279069767442,0.3643410852713178,0.09302325581395349,0.08527131782945736,0.11627906976744186,0.031007751937984496,0.14728682170542637,0.17829457364341086,1.730670980822385,8.00627034921581,-0.5085271317829458,7.806206357790996,0.07751937984496124,0.015503875968992248,0.05426356589147287,0.031007751937984496,0.023255813953488372,0.11627906976744186,0.0,0.031007751937984496,0.046511627906976744,0.06201550387596899,0.007751937984496124,0.06976744186046512,0.031007751937984496,0.06201550387596899,0.046511627906976744,0.08527131782945736,0.07751937984496124,0.07751937984496124,0.031007751937984496,0.05426356589147287,259,0,1,140,21,0,27,23,0.081081,0.544402,0.625483,0.08108108108108109,0.5444015444015444,0.3745173745173745,7,23,3.0,6.130434782608695,3,13,0.3474903474903475,A|B,A:1-129|B:1-129,2,258,1974,146,1,2,9.705426356589147,19.663812299670976,0.10079894265940778,0.313953488372093,5.283649097602586
1i9e,1i9e,20,115,3.5,49.5,66.5,433.2,MA,2.60.40.10,1,115,115,0.5565217391304348,0.391304347826087,0.09565217391304348,0.05217391304347826,0.06956521739130435,0.043478260869565216,0.11304347826086956,0.14782608695652175,2.9954687152165818,8.840009988366546,-0.05391304347826086,8.018832514177694,0.0782608695652174,0.017391304347826087,0.02608695652173913,0.02608695652173913,0.06086956521739131,0.06956521739130435,0.017391304347826087,0.017391304347826087,0.043478260869565216,0.08695652173913043,0.0,0.02608695652173913,0.043478260869565216,0.06956521739130435,0.034782608695652174,0.1391304347826087,0.043478260869565216,0.10434782608695652,0.017391304347826087,0.0782608695652174,115,0,2,56,6,0,10,10,0.052174,0.504348,0.556522,0.05217391304347826,0.5043478260869565,0.4434782608695652,2,14,3.0,4.142857142857143,3,9,0.391304347826087,A,A:1-115,1,115,905,58,1,1,9.478260869565217,14.173120937637277,0.10586811738985652,0.24347826086956523,4.780340264650283
1eaj,1eaj,22,126,3.5,41.6,61.9,475.0,MA,2.60.40.10,2,244,245,0.5081967213114754,0.29098360655737704,0.12704918032786885,0.13934426229508196,0.05737704918032787,0.05737704918032787,0.11475409836065574,0.26639344262295084,-6.893548225145487,5.036094521136874,-0.28565573770491803,9.707704078204785,0.05327868852459016,0.01639344262295082,0.09016393442622951,0.04918032786885246,0.020491803278688523,0.05737704918032787,0.01639344262295082,0.08196721311475409,0.09836065573770492,0.09836065573770492,0.00819672131147541,0.040983606557377046,0.05737704918032787,0.040983606557377046,0.012295081967213115,0.06967213114754098,0.05737704918032787,0.07377049180327869,0.00819672131147541,0.04918032786885246,245,0,4,119,12,0,36,24,0.04898,0.502041,0.55102,0.04897959183673469,0.5020408163265306,0.4489795918367347,4,24,3.0,5.125,3,12,0.3836734693877551,A|B,A:16-139|B:20-139,2,244,1962,342,1,2,10.09016393442623,18.592877260923355,0.09588735824873723,0.36475409836065575,5.0656741385078625
1f5w,1f5w,24,126,3.4,41.4,63.9,475.0,MA,2.60.40.10,2,245,246,0.5061224489795918,0.2938775510204082,0.12653061224489795,0.13877551020408163,0.05714285714285714,0.05714285714285714,0.11428571428571428,0.2653061224489796,-6.893548225145487,5.036094521136874,-0.28775510204081634,9.669156184922947,0.053061224489795916,0.0163265306122449,0.08979591836734693,0.04897959183673469,0.02040816326530612,0.05714285714285714,0.0163265306122449,0.08163265306122448,0.09795918367346938,0.09795918367346938,0.00816326530612245,0.04081632653061224,0.05714285714285714,0.04081632653061224,0.012244897959183673,0.07346938775510205,0.05714285714285714,0.07346938775510205,0.00816326530612245,0.04897959183673469,246,0,4,121,12,0,36,24,0.04878,0.50813,0.556911,0.04878048780487805,0.508130081300813,0.44308943089430897,4,24,3.0,5.208333333333333,3,12,0.3821138211382114,A|B,A:16-139|B:19-139,2,245,1921,247,1,2,10.114285714285714,18.623254102813483,0.09554047759629992,0.363265306122449,5.139372822299652
2ncm,2ncm,25,99,3.4,42.1,73.5,372.4,MA,2.60.40.10,1,99,99,0.46464646464646464,0.32323232323232326,0.08080808080808081,0.15151515151515152,0.06060606060606061,0.030303030303030304,0.09090909090909091,0.23232323232323232,-7.171563285051693,4.120286120481069,-0.29393939393939394,9.755518824609734,0.06060606060606061,0.020202020202020204,0.10101010101010101,0.050505050505050504,0.04040404040404041,0.06060606060606061,0.0,0.08080808080808081,0.06060606060606061,0.04040404040404041,0.0,0.06060606060606061,0.030303030303030304,0.0707070707070707,0.020202020202020204,0.10101010101010101,0.050505050505050504,0.1111111111111111,0.020202020202020204,0.020202020202020204,99,0,0,55,0,0,8,18,0.0,0.555556,0.555556,0.0,0.5555555555555556,0.4444444444444444,0,9,0.0,6.111111111111111,0,11,0.29292929292929293,A,A:1-99,1,99,29980,0,20,1,9.656565656565656,13.403831704281364,0.1010300206824271,0.24242424242424243,5.364758698092031
1anu,1anu,28,138,3.4,24.0,34.7,520.6,MA,2.60.40.680,1,138,138,0.6086956521739131,0.2028985507246377,0.08695652173913043,0.13768115942028986,0.10869565217391304,0.057971014492753624,0.16666666666666666,0.2246376811594203,-7.122485492553732,4.286658464189713,0.22826086956521735,9.695650598613739,0.06521739130434782,0.007246376811594203,0.09420289855072464,0.043478260869565216,0.07246376811594203,0.10869565217391304,0.0,0.10869565217391304,0.057971014492753624,0.021739130434782608,0.0,0.036231884057971016,0.057971014492753624,0.007246376811594203,0.028985507246376812,0.050724637681159424,0.06521739130434782,0.13768115942028986,0.0,0.036231884057971016,138,0,2,74,0,0,23,10,0.0,0.550725,0.550725,0.0,0.5507246376811594,0.4492753623188406,0,13,0.0,5.846153846153846,0,13,0.3188405797101449,A,A:1-138,1,138,1043,24,1,0,10.028985507246377,14.84040804447745,0.09636527214852023,0.32608695652173914,5.52320940978786
1sn2,1sn2,31,130,3.4,21.6,89.2,490.2,MA,2.60.40.180,4,463,466,0.550755939524838,0.326133909287257,0.10583153347732181,0.09719222462203024,0.07775377969762419,0.05183585313174946,0.12958963282937366,0.20302375809935205,-15.277997780195054,5.57035422624449,-0.028077753779697602,8.103228918360397,0.10367170626349892,0.0064794816414686825,0.04319654427645788,0.05399568034557235,0.04319654427645788,0.07775377969762419,0.04535637149028078,0.03455723542116631,0.04319654427645788,0.06911447084233262,0.008639308855291577,0.017278617710583154,0.05183585313174946,0.04319654427645788,0.017278617710583154,0.058315334773218146,0.12095032397408208,0.1101511879049676,0.017278617710583154,0.03455723542116631,466,30,1,226,6,0,74,27,0.077253,0.487124,0.564378,0.07725321888412018,0.4871244635193133,0.4356223175965665,6,33,6.0,6.878787878787879,8,10,0.3283261802575107,A|B|C|D,A:10-127|B:10-125|C:11-125|D:10-123,4,463,3550,366,1,0,10.453563714902808,21.609971792170573,0.0928700747719932,0.4038876889848812,5.09218661648699
1npu,1npu,35,116,3.3,40.6,54.0,437.0,MA,,1,116,116,0.4827586206896552,0.35344827586206895,0.10344827586206896,0.10344827586206896,0.04310344827586207,0.05172413793103448,0.09482758620689655,0.20689655172413793,-2.897889463704349,5.4297429424614165,-0.3232758620689656,8.945406510107015,0.07758620689655173,0.017241379310344827,0.04310344827586207,0.0603448275862069,0.04310344827586207,0.04310344827586207,0.02586206896551724,0.0603448275862069,0.02586206896551724,0.11206896551724138,0.017241379310344827,0.07758620689655173,0.05172413793103448,0.05172413793103448,0.05172413793103448,0.10344827586206896,0.0603448275862069,0.034482758620689655,0.02586206896551724,0.017241379310344827,116,0,0,65,3,0,12,13,0.025862,0.560345,0.586207,0.02586206896551724,0.5603448275862069,0.41379310344827586,1,11,3.0,5.909090909090909,3,9,0.3620689655172414,A,A:1-116,1,116,906,73,1,1,9.862068965517242,13.802094207107046,0.10028307420548799,0.33620689655172414,5.52615933412604
1mvf,1mvf,36,135,3.3,38.7,73.0,509.2,MA,2.60.40.10,5,335,339,0.5373134328358209,0.32238805970149254,0.0955223880597015,0.08955223880597014,0.08955223880597014,0.029850746268656716,0.11940298507462686,0.18507462686567164,1.7397367954258556,7.999714179829425,-0.2426865671641791,8.413431588327022,0.10149253731343283,0.011940298507462687,0.05373134328358209,0.03582089552238806,0.023880597014925373,0.08955223880597014,0.0,0.05373134328358209,0.04776119402985075,0.06567164179104477,0.029850746268656716,0.05373134328358209,0.029850746268656716,0.056716417910447764,0.04776119402985075,0.1044776119402985,0.050746268656716415,0.07462686567164178,0.023880597014925373,0.04477611940298507,339,12,5,160,15,0,46,26,0.079646,0.486726,0.566372,0.07964601769911504,0.48672566371681414,0.4336283185840708,7,33,3.857142857142857,5.0,6,9,0.3421828908554572,A|B|D|E,A:1-127|B:3-126|D:4-47|E:4-47,4,337,2489,189,1,2,10.08955223880597,27.768031865047828,0.09626770653987511,0.27761194029850744,4.9108440100383035
1bzd,1bzd,39,127,3.3,11.0,124.7,478.8,MA,2.60.40.180,2,254,255,0.5196850393700787,0.29133858267716534,0.12598425196850394,0.13385826771653545,0.07086614173228346,0.06299212598425197,0.13385826771653545,0.25984251968503935,-9.415990810071918,5.210023999911755,-0.2771653543307086,8.081762043524089,0.09448818897637795,0.007874015748031496,0.03937007874015748,0.09448818897637795,0.03937007874015748,0.07086614173228346,0.031496062992125984,0.03937007874015748,0.06299212598425197,0.05511811023622047,0.007874015748031496,0.023622047244094488,0.06299212598425197,0.0,0.031496062992125984,0.09448818897637795,0.09448818897637795,0.09448818897637795,0.015748031496062992,0.03937007874015748,255,14,5,121,0,0,34,27,0.054902,0.494118,0.54902,0.054901960784313725,0.49411764705882355,0.45098039215686275,2,22,7.0,5.7272727272727275,7,10,0.34901960784313724,A|B,A:1-127|B:1-127,2,254,1948,68,1,0,10.275590551181102,18.517295564936024,0.09593640840685037,0.37401574803149606,5.077350625289486
1b88,1b88,43,114,3.3,39.0,64.5,429.4,MA,2.60.40.10,2,228,229,0.5175438596491229,0.34210526315789475,0.08771929824561403,0.09649122807017543,0.07017543859649122,0.05263157894736842,0.12280701754385964,0.18421052631578946,-4.07793439878504,5.107577328705702,-0.26140350877192986,8.285527854724531,0.07017543859649122,0.017543859649122806,0.043859649122807015,0.05263157894736842,0.07017543859649122,0.07017543859649122,0.008771929824561403,0.05263157894736842,0.05263157894736842,0.08771929824561403,0.008771929824561403,0.05263157894736842,0.05263157894736842,0.06140350877192982,0.02631578947368421,0.12280701754385964,0.043859649122807015,0.043859649122807015,0.02631578947368421,0.03508771929824561,229,0,4,112,6,0,28,20,0.026201,0.50655,0.532751,0.026200873362445413,0.5065502183406113,0.4672489082969432,2,26,3.0,4.461538461538462,3,9,0.37117903930131,A|B,A:1-114|B:201-314,2,228,2188,72,1,2,10.087719298245615,18.8927965296974,0.09887213534659355,0.34649122807017546,5.109936413085115
1ie4,1ie4,45,127,3.2,15.3,97.2,478.8,MA,2.60.40.180,4,480,483,0.525,0.30833333333333335,0.13333333333333333,0.11666666666666667,0.06666666666666667,0.05,0.11666666666666667,0.25,-6.774579691677793,6.071567985986803,-0.24500000000000005,8.051308333333333,0.1,0.008333333333333333,0.05,0.06666666666666667,0.041666666666666664,0.06666666666666667,0.03333333333333333,0.016666666666666666,0.075,0.06666666666666667,0.008333333333333333,0.025,0.05,0.008333333333333333,0.025,0.1,0.08333333333333333,0.10833333333333334,0.016666666666666666,0.05,483,27,3,239,0,0,65,53,0.055901,0.501035,0.556936,0.055900621118012424,0.5010351966873706,0.44306418219461696,4,38,6.75,6.368421052631579,8,10,0.33540372670807456,A|B|C|D,A:8-127|B:8-127|C:8-127|D:8-127,4,480,3707,220,1,0,10.170833333333333,22.11144541671915,0.09779530922115094,0.375,5.095945479641132
1kgi,1kgi,47,127,3.2,19.2,98.7,478.8,MA,2.60.40.180,4,481,484,0.5239085239085239,0.3076923076923077,0.13305613305613306,0.11850311850311851,0.06652806652806653,0.0498960498960499,0.11642411642411643,0.2515592515592516,-7.772588402507061,5.982685748321273,-0.2517671517671518,8.056550931228685,0.0997920997920998,0.008316008316008316,0.0498960498960499,0.06860706860706861,0.04158004158004158,0.06652806652806653,0.033264033264033266,0.016632016632016633,0.07484407484407485,0.06652806652806653,0.008316008316008316,0.02494802494802495,0.0498960498960499,0.008316008316008316,0.02494802494802495,0.0997920997920998,0.08316008316008316,0.10810810810810811,0.016632016632016633,0.0498960498960499,484,25,3,241,0,0,72,41,0.051653,0.504132,0.555785,0.05165289256198347,0.5041322314049587,0.44421487603305787,4,39,6.25,6.256410256410256,7,10,0.33264462809917356,A|B|C|D,A:8-127|B:208-327|C:407-527|D:608-727,4,481,3737,369,1,0,10.253638253638254,22.03693712887249,0.09632199525924222,0.37214137214137216,5.1691895328258965
1oau,1oau,48,122,3.2,43.4,56.9,459.8,MA,2.60.40.10,35,686,720,0.5276967930029155,0.3746355685131195,0.09475218658892129,0.06851311953352769,0.10349854227405247,0.037900874635568516,0.141399416909621,0.16326530612244897,9.093943364010094,8.358839017038008,-0.19825072886297376,7.1715421295548625,0.09329446064139942,0.02040816326530612,0.02478134110787172,0.043731778425655975,0.030612244897959183,0.10349854227405247,0.013119533527696793,0.029154518950437316,0.04664723032069971,0.07580174927113703,0.013119533527696793,0.037900874635568516,0.037900874635568516,0.03498542274052478,0.03498542274052478,0.08892128279883382,0.12682215743440234,0.06705539358600583,0.02478134110787172,0.052478134110787174,720,0,0,335,48,0,81,40,0.066667,0.465278,0.531944,0.06666666666666667,0.4652777777777778,0.46805555555555556,16,61,3.0,5.491803278688525,3,9,0.3,H|I|J|K|L|M|N|O,H:1-122|I:8-119|J:1-122|K:8-120|L:2-109|M:6-109|N:2-109|O:6-109,8,686,5178,453,1,6,9.6992700729927,38.46643425559312,0.10892304203596605,0.3284671532846715,4.512854825628548
1sn5,1sn5,53,130,3.2,21.5,89.6,490.2,MA,2.60.40.180,4,463,466,0.550755939524838,0.326133909287257,0.10583153347732181,0.09719222462203024,0.07775377969762419,0.05183585313174946,0.12958963282937366,0.20302375809935205,-15.277997780195054,5.57035422624449,-0.028077753779697602,8.103228918360397,0.10367170626349892,0.0064794816414686825,0.04319654427645788,0.05399568034557235,0.04319654427645788,0.07775377969762419,0.04535637149028078,0.03455723542116631,0.04319654427645788,0.06911447084233262,0.008639308855291577,0.017278617710583154,0.05183585313174946,0.04319654427645788,0.017278617710583154,0.058315334773218146,0.12095032397408208,0.1101511879049676,0.017278617710583154,0.03455723542116631,466,31,3,220,9,0,68,29,0.085837,0.478541,0.564378,0.08583690987124463,0.47854077253218885,0.4356223175965665,7,35,5.714285714285714,6.371428571428571,8,10,0.33905579399141633,A|B|C|D,A:10-127|B:10-125|C:11-125|D:10-123,4,463,3529,456,1,0,10.501079913606912,21.542002002705456,0.09263632212590413,0.4038876889848812,5.025194894279703
1wtl,1wtl,54,108,3.2,40.4,50.9,406.6,MA,2.60.40.10,2,216,217,0.49074074074074076,0.39814814814814814,0.07407407407407407,0.08333333333333333,0.09259259259259259,0.05555555555555555,0.14814814814814814,0.1574074074074074,-2.272214655850359,4.9291814203379545,-0.27870370370370373,7.869453875171468,0.046296296296296294,0.018518518518518517,0.06481481481481481,0.018518518518518517,0.046296296296296294,0.09259259259259259,0.0,0.07407407407407407,0.027777777777777776,0.05555555555555555,0.009259259259259259,0.018518518518518517,0.05555555555555555,0.08333333333333333,0.046296296296296294,0.12037037037037036,0.1111111111111111,0.05555555555555555,0.009259259259259259,0.046296296296296294,217,0,1,107,6,0,30,20,0.02765,0.497696,0.525346,0.027649769585253458,0.4976958525345622,0.47465437788018433,2,22,3.0,4.909090909090909,3,7,0.35944700460829493,A|B,A:1-108|B:1-108,2,216,1650,196,1,2,10.398148148148149,17.08936472745052,0.0952700629375466,0.33796296296296297,5.175115207373272
1amx,1amx,55,150,3.1,32.1,197.6,566.2,B1MA,2.60.40.740,1,150,150,0.4,0.4666666666666667,0.12,0.10666666666666667,0.06666666666666667,0.02,0.08666666666666667,0.22666666666666666,-2.6246265866590885,5.9166392204851945,-0.8386666666666667,8.185304888888888,0.02,0.0,0.05333333333333334,0.05333333333333334,0.04666666666666667,0.06666666666666667,0.03333333333333333,0.07333333333333333,0.08,0.03333333333333333,0.006666666666666667,0.10666666666666667,0.02,0.06666666666666667,0.006666666666666667,0.09333333333333334,0.10666666666666667,0.06,0.013333333333333334,0.06,150,12,2,79,0,0,20,11,0.08,0.54,0.62,0.08,0.54,0.38,2,13,6.0,6.230769230769231,8,14,0.31333333333333335,A,A:169-318,1,150,1498,372,1,0,9.68,15.169917754872635,0.10210669232728056,0.2733333333333333,5.2272
1qd0,1qd0,56,128,3.1,40.2,48.2,482.6,MA,2.60.40.10,1,128,128,0.546875,0.3046875,0.1328125,0.078125,0.1328125,0.0234375,0.15625,0.2109375,5.003083749371971,9.598529435364071,-0.35703124999999997,7.9768255615234365,0.09375,0.015625,0.0390625,0.0390625,0.03125,0.1328125,0.015625,0.0234375,0.046875,0.0546875,0.015625,0.015625,0.0234375,0.0625,0.0703125,0.09375,0.0546875,0.09375,0.03125,0.046875,128,0,0,59,0,0,18,15,0.0,0.460938,0.460938,0.0,0.4609375,0.5390625,0,11,0.0,5.363636363636363,0,9,0.390625,A,A:1-128,1,128,977,128,1,1,9.578125,14.020619925384972,0.10324545565239499,0.25,4.4149169921875
1j05,1j05,60,111,3.1,36.2,47.2,418.0,MA,2.60.40.10,4,460,463,0.5347826086956522,0.3565217391304348,0.0782608695652174,0.1,0.09130434782608696,0.05217391304347826,0.14347826086956522,0.1782608695652174,-14.073801011298038,4.667776088520441,-0.25739130434782614,7.8260975425330805,0.0782608695652174,0.017391304347826087,0.05217391304347826,0.04782608695652174,0.034782608695652174,0.09130434782608696,0.008695652173913044,0.04782608695652174,0.0391304347826087,0.06956521739130435,0.013043478260869565,0.02608695652173913,0.05217391304347826,0.06521739130434782,0.030434782608695653,0.09130434782608696,0.08695652173913043,0.06956521739130435,0.017391304347826087,0.06086956521739131,463,0,7,224,30,0,55,42,0.064795,0.49892,0.563715,0.06479481641468683,0.49892008639308855,0.43628509719222464,10,49,3.0,4.714285714285714,3,9,0.36069114470842334,A|B|H|L,A:1-107|B:1-113|H:1-113|L:1-107,4,464,3581,278,1,4,10.474137931034482,25.42129007920028,0.09323288924423559,0.4073275862068966,5.22575780144485
1bmz,1bmz,62,127,3.1,11.5,75.2,478.8,MA,2.60.40.180,2,228,229,0.543859649122807,0.2807017543859649,0.12280701754385964,0.13157894736842105,0.06140350877192982,0.05263157894736842,0.11403508771929824,0.2543859649122807,-9.422691455564312,5.155129624462461,-0.08684210526315787,8.424651431209602,0.10526315789473684,0.008771929824561403,0.043859649122807015,0.08771929824561403,0.043859649122807015,0.06140350877192982,0.03508771929824561,0.043859649122807015,0.05263157894736842,0.06140350877192982,0.008771929824561403,0.017543859649122806,0.05263157894736842,0.0,0.03508771929824561,0.08771929824561403,0.08771929824561403,0.10526315789473684,0.017543859649122806,0.043859649122807015,229,14,4,118,0,0,34,13,0.061135,0.532751,0.593886,0.0611353711790393,0.5327510917030568,0.40611353711790393,2,22,7.0,5.545454545454546,7,10,0.3318777292576419,A|B,A:10-123|B:10-123,2,228,1762,52,1,0,10.052631578947368,17.24960138744483,0.09600808548176969,0.31140350877192985,5.355550448172834
1oar,1oar,65,122,3.1,43.5,55.1,459.8,MA,2.60.40.10,19,839,857,0.533969010727056,0.3814064362336114,0.09773539928486293,0.066746126340882,0.09892729439809297,0.03098927294398093,0.1299165673420739,0.16448152562574495,14.264269086774235,8.62463957124146,-0.21036948748510134,7.153110590535017,0.08462455303933254,0.01907032181168057,0.026221692491060787,0.04052443384982122,0.03218116805721097,0.09892729439809297,0.014302741358760428,0.028605482717520857,0.052443384982121574,0.08104886769964244,0.014302741358760428,0.03575685339690107,0.03098927294398093,0.03575685339690107,0.03098927294398093,0.08939213349225268,0.12157330154946365,0.06436233611442194,0.033373063170441,0.06555423122765197,857,0,3,461,42,0,112,37,0.049008,0.541424,0.590432,0.049008168028004666,0.5414235705950992,0.40956826137689617,14,86,3.0,5.395348837209302,3,9,0.3057176196032672,H|I|J|K|L|M|N|O,H:1-122|I:14-116|J:1-122|K:14-116|L:2-109|M:3-109|N:2-109|O:3-109,8,839,6482,568,1,8,10.178784266984506,36.035158301942836,0.09757845063005267,0.3814064362336114,5.51103372214797
1ttc,1ttc,66,127,3.1,12.8,126.0,478.8,MA,2.60.40.180,2,254,255,0.5275590551181102,0.28346456692913385,0.12598425196850394,0.13385826771653545,0.07874015748031496,0.06299212598425197,0.14173228346456693,0.25984251968503935,-9.415990810071918,5.210023999911755,-0.2921259842519685,7.958993117986236,0.09448818897637795,0.007874015748031496,0.03937007874015748,0.09448818897637795,0.03937007874015748,0.07874015748031496,0.031496062992125984,0.03937007874015748,0.06299212598425197,0.05511811023622047,0.015748031496062992,0.023622047244094488,0.06299212598425197,0.0,0.031496062992125984,0.08661417322834646,0.09448818897637795,0.08661417322834646,0.015748031496062992,0.03937007874015748,255,13,3,119,0,0,34,29,0.05098,0.478431,0.529412,0.050980392156862744,0.47843137254901963,0.47058823529411764,2,21,6.5,5.809523809523809,7,10,0.35294117647058826,A|B,A:1-127|B:1-127,2,254,2020,319,1,0,10.133858267716535,18.786756562484616,0.09581309374326975,0.31496062992125984,4.8483557202408525
1wiu,1wiu,69,93,3.1,39.0,48.2,349.6,MA,2.60.40.10,1,93,93,0.5376344086021505,0.21505376344086022,0.13978494623655913,0.12903225806451613,0.06451612903225806,0.053763440860215055,0.11827956989247312,0.26881720430107525,0.013144932571508505,7.030699675818141,-0.10107526881720429,9.24741819863568,0.11827956989247312,0.0,0.06451612903225806,0.06451612903225806,0.053763440860215055,0.06451612903225806,0.010752688172043012,0.07526881720430108,0.10752688172043011,0.08602150537634409,0.0,0.03225806451612903,0.053763440860215055,0.010752688172043012,0.021505376344086023,0.07526881720430108,0.07526881720430108,0.06451612903225806,0.010752688172043012,0.010752688172043012,93,0,3,48,3,0,8,10,0.032258,0.548387,0.580645,0.03225806451612903,0.5483870967741935,0.41935483870967744,1,11,3.0,4.636363636363637,3,11,0.3548387096774194,A,A:1-93,1,93,42960,0,30,0,10.580645161290322,12.682512081273199,0.09135444790717935,0.3548387096774194,5.802289281997918
1gko,1gko,70,127,3.1,11.6,79.2,478.8,B1MA,2.60.40.180,4,458,461,0.5414847161572053,0.2838427947598253,0.1222707423580786,0.13100436681222707,0.0611353711790393,0.05240174672489083,0.11353711790393013,0.25327510917030566,-18.754871768963838,5.153555830921505,-0.1262008733624454,8.301409584104041,0.10480349344978165,0.008733624454148471,0.043668122270742356,0.08733624454148471,0.034934497816593885,0.0611353711790393,0.034934497816593885,0.043668122270742356,0.05240174672489083,0.05240174672489083,0.026200873362445413,0.021834061135371178,0.05240174672489083,0.0,0.034934497816593885,0.08733624454148471,0.08733624454148471,0.10480349344978165,0.017467248908296942,0.043668122270742356,461,26,12,228,0,0,68,31,0.056399,0.520607,0.577007,0.05639913232104121,0.5206073752711496,0.4229934924078091,4,48,6.5,5.0,7,9,0.3470715835140998,A|B|C|D,A:10-124|B:10-123|C:10-124|D:10-123,4,458,3528,198,1,0,10.0,45.36092735140384,0.09637302682190943,0.314410480349345,5.206073752711497
1fvc,1fvc,73,109,3.1,40.7,54.8,410.4,MA,2.60.40.10,4,457,460,0.5164113785557987,0.38293216630196936,0.10065645514223195,0.07439824945295405,0.0962800875273523,0.0437636761487965,0.1400437636761488,0.175054704595186,7.903071495323431,8.702594464843969,-0.3533916849015317,7.4449392623378605,0.07439824945295405,0.0175054704595186,0.04814004376367615,0.0262582056892779,0.0350109409190372,0.0962800875273523,0.0087527352297593,0.03938730853391685,0.03938730853391685,0.061269146608315096,0.01312910284463895,0.02188183807439825,0.0437636761487965,0.061269146608315096,0.0525164113785558,0.1137855579868709,0.09409190371991247,0.06564551422319474,0.02188183807439825,0.06564551422319474,460,0,2,234,12,0,72,35,0.026087,0.513043,0.53913,0.02608695652173913,0.5130434782608696,0.4608695652173913,4,45,3.0,5.2444444444444445,3,10,0.34130434782608693,A|B|C|D,A:1-109|B:1-120|C:1-108|D:1-120,4,457,3521,126,1,4,10.284463894967177,23.299265796036227,0.09566582089268406,0.36542669584245074,5.276377128722291
1kmt,1kmt,79,141,3.1,44.5,71.2,532.0,MA,2.70.50.30,2,276,277,0.5217391304347826,0.2536231884057971,0.15942028985507245,0.13043478260869565,0.07246376811594203,0.043478260869565216,0.11594202898550725,0.2898550724637681,4.208414718068582,8.910956131926469,-0.3565217391304348,9.142602394454947,0.050724637681159424,0.007246376811594203,0.06521739130434782,0.06521739130434782,0.036231884057971016,0.07246376811594203,0.014492753623188406,0.050724637681159424,0.09420289855072464,0.07971014492753623,0.028985507246376812,0.021739130434782608,0.043478260869565216,0.014492753623188406,0.050724637681159424,0.07971014492753623,0.06521739130434782,0.08695652173913043,0.021739130434782608,0.050724637681159424,277,0,1,154,15,0,23,23,0.054152,0.559567,0.613718,0.05415162454873646,0.5595667870036101,0.3862815884476534,3,21,5.0,7.380952380952381,6,13,0.30324909747292417,A|B,A:65-202|B:65-202,2,276,4396,592,1,0,9.507246376811594,24.378814356668574,0.1026911689475628,0.2717391304347826,5.319939308324177
2rox,2rox,82,127,3.1,14.0,90.0,478.8,B1MA,2.60.40.180,2,234,235,0.5384615384615384,0.28205128205128205,0.12393162393162394,0.13247863247863248,0.05982905982905983,0.05982905982905983,0.11965811965811966,0.2564102564102564,-9.421016294191212,5.169762168487978,-0.1598290598290598,8.43436920154869,0.10256410256410256,0.008547008547008548,0.042735042735042736,0.08974358974358974,0.042735042735042736,0.05982905982905983,0.03418803418803419,0.042735042735042736,0.05555555555555555,0.05982905982905983,0.008547008547008548,0.02564102564102564,0.05982905982905983,0.0,0.03418803418803419,0.08547008547008547,0.08547008547008547,0.10256410256410256,0.017094017094017096,0.042735042735042736,235,12,3,119,0,0,35,16,0.051064,0.519149,0.570213,0.05106382978723404,0.5191489361702127,0.4297872340425532,2,21,6.0,5.809523809523809,6,10,0.32340425531914896,A|B,A:10-127|B:10-125,2,234,1811,184,1,0,9.905982905982906,17.71432405617411,0.09752817220765939,0.2905982905982906,5.142680487361338
1oaq,1oaq,83,120,3.1,40.6,49.3,452.2,MA,2.60.40.10,2,230,231,0.5260869565217391,0.3826086956521739,0.09565217391304348,0.06956521739130435,0.10869565217391304,0.034782608695652174,0.14347826086956522,0.16521739130434782,3.0010511549450456,8.3158320146822,-0.2808695652173913,7.084851417769376,0.0782608695652174,0.017391304347826087,0.02608695652173913,0.043478260869565216,0.030434782608695653,0.10869565217391304,0.013043478260869565,0.02608695652173913,0.05217391304347826,0.0782608695652174,0.013043478260869565,0.034782608695652174,0.034782608695652174,0.043478260869565216,0.030434782608695653,0.09565217391304348,0.11739130434782609,0.06521739130434782,0.030434782608695653,0.06086956521739131,231,0,1,124,15,0,34,8,0.064935,0.541126,0.606061,0.06493506493506493,0.5411255411255411,0.3939393939393939,5,23,3.0,5.434782608695652,3,9,0.3246753246753247,H|L,H:1-120|L:1-110,2,230,1762,275,1,2,10.304347826086957,17.283954180057222,0.09654519277853509,0.3739130434782609,5.575945793337098
1tvd,1tvd,85,116,3.1,38.0,44.4,437.0,MA,2.60.40.10,2,232,233,0.5,0.3448275862068966,0.11206896551724138,0.1206896551724138,0.05172413793103448,0.06896551724137931,0.1206896551724138,0.23275862068965517,-5.9002982132769795,5.076131676009936,-0.3043103448275862,8.402309007134363,0.04310344827586207,0.017241379310344827,0.08620689655172414,0.034482758620689655,0.07758620689655173,0.05172413793103448,0.017241379310344827,0.034482758620689655,0.04310344827586207,0.0603448275862069,0.0,0.008620689655172414,0.06896551724137931,0.04310344827586207,0.05172413793103448,0.09482758620689655,0.10344827586206896,0.09482758620689655,0.008620689655172414,0.0603448275862069,233,0,0,116,18,0,23,18,0.077253,0.497854,0.575107,0.07725321888412018,0.4978540772532189,0.4248927038626609,6,24,3.0,4.833333333333333,3,8,0.3562231759656652,A|B,A:1-116|B:1-116,2,232,1894,309,1,2,9.620689655172415,17.783858689739056,0.10167230398911434,0.2801724137931034,4.7896995708154515
2dlf,2dlf,86,113,3.1,39.3,49.9,425.6,MA,2.60.40.10,2,233,234,0.5021459227467812,0.3648068669527897,0.12446351931330472,0.08583690987124463,0.0944206008583691,0.03862660944206009,0.13304721030042918,0.21030042918454936,4.188015511767347,8.599967984263458,-0.38712446351931334,7.978460830002396,0.04291845493562232,0.017167381974248927,0.03862660944206009,0.04721030042918455,0.04291845493562232,0.0944206008583691,0.02145922746781116,0.034334763948497854,0.05150214592274678,0.07725321888412018,0.017167381974248927,0.034334763948497854,0.03862660944206009,0.04291845493562232,0.05150214592274678,0.12017167381974249,0.07296137339055794,0.07296137339055794,0.02575107296137339,0.055793991416309016,234,0,3,113,15,0,29,17,0.064103,0.495726,0.559829,0.0641025641025641,0.49572649572649574,0.44017094017094016,5,24,3.0,4.833333333333333,3,8,0.36324786324786323,H|L,H:1-112|L:1-108,2,233,1872,410,1,2,10.034334763948499,17.755787977257626,0.09772153986998723,0.33905579399141633,4.974285609478743
2imm,2imm,87,114,3.1,39.9,49.4,429.4,MA,2.60.40.10,1,114,114,0.47368421052631576,0.40350877192982454,0.09649122807017543,0.07894736842105263,0.08771929824561403,0.05263157894736842,0.14035087719298245,0.17543859649122806,0.9109969723496025,7.872522558423043,-0.41842105263157897,7.5197483841181905,0.05263157894736842,0.017543859649122806,0.043859649122807015,0.03508771929824561,0.03508771929824561,0.08771929824561403,0.008771929824561403,0.02631578947368421,0.05263157894736842,0.09649122807017543,0.017543859649122806,0.03508771929824561,0.05263157894736842,0.07017543859649122,0.03508771929824561,0.14912280701754385,0.07894736842105263,0.05263157894736842,0.008771929824561403,0.043859649122807015,114,0,0,58,3,0,17,10,0.026316,0.508772,0.535088,0.02631578947368421,0.5087719298245614,0.4649122807017544,1,13,3.0,4.461538461538462,3,7,0.35964912280701755,A,A:1-108,1,114,866,130,1,1,9.736842105263158,13.49671474491713,0.10148046398046398,0.2719298245614035,4.953831948291782
1bm7,1bm7,92,127,3.0,12.2,73.2,478.8,MA,2.60.40.180,2,228,229,0.543859649122807,0.2807017543859649,0.12280701754385964,0.13157894736842105,0.06140350877192982,0.05263157894736842,0.11403508771929824,0.2543859649122807,-9.422691455564312,5.155129624462461,-0.08684210526315787,8.424651431209602,0.10526315789473684,0.008771929824561403,0.043859649122807015,0.08771929824561403,0.043859649122807015,0.06140350877192982,0.03508771929824561,0.043859649122807015,0.05263157894736842,0.06140350877192982,0.008771929824561403,0.017543859649122806,0.05263157894736842,0.0,0.03508771929824561,0.08771929824561403,0.08771929824561403,0.10526315789473684,0.017543859649122806,0.043859649122807015,229,14,4,118,0,0,34,12,0.061135,0.532751,0.593886,0.0611353711790393,0.5327510917030568,0.40611353711790393,2,22,7.0,5.545454545454546,7,10,0.3318777292576419,A|B,A:10-123|B:10-123,2,228,1762,134,1,0,10.096491228070175,17.19122638881365,0.09564835749046276,0.31140350877192985,5.378916724124722
1tfp,1tfp,98,130,3.0,12.1,77.1,490.2,MA,2.60.40.180,2,228,229,0.543859649122807,0.2982456140350877,0.11403508771929824,0.12280701754385964,0.07017543859649122,0.03508771929824561,0.10526315789473684,0.23684210526315788,-9.429061254579175,5.104444402849367,-0.060526315789473685,8.141687442289935,0.10526315789473684,0.008771929824561403,0.05263157894736842,0.07017543859649122,0.07017543859649122,0.07017543859649122,0.03508771929824561,0.017543859649122806,0.05263157894736842,0.06140350877192982,0.008771929824561403,0.017543859649122806,0.03508771929824561,0.017543859649122806,0.02631578947368421,0.07894736842105263,0.09649122807017543,0.11403508771929824,0.017543859649122806,0.043859649122807015,229,0,0,111,3,0,36,27,0.0131,0.484716,0.497817,0.013100436681222707,0.4847161572052402,0.5021834061135371,1,16,3.0,6.9375,3,9,0.3406113537117904,A|B,A:10-123|B:10-123,2,228,1770,2,1,0,9.631578947368421,17.29731774693463,0.10106329464882095,0.2807017543859649,4.668581935187314
1tyr,1tyr,99,127,3.0,10.6,123.9,478.8,B1MA,2.60.40.180,2,254,255,0.5275590551181102,0.28346456692913385,0.12598425196850394,0.13385826771653545,0.07874015748031496,0.06299212598425197,0.14173228346456693,0.25984251968503935,-9.415990810071918,5.210023999911755,-0.27401574803149603,8.079718519437039,0.09448818897637795,0.007874015748031496,0.03937007874015748,0.09448818897637795,0.03937007874015748,0.07874015748031496,0.031496062992125984,0.03937007874015748,0.06299212598425197,0.05511811023622047,0.007874015748031496,0.023622047244094488,0.06299212598425197,0.0,0.031496062992125984,0.08661417322834646,0.09448818897637795,0.09448818897637795,0.015748031496062992,0.03937007874015748,255,14,3,119,0,0,33,31,0.054902,0.478431,0.533333,0.054901960784313725,0.47843137254901963,0.4666666666666667,2,21,7.0,5.809523809523809,8,10,0.34509803921568627,A|B,A:1-127|B:1-127,2,254,1944,141,1,0,10.133858267716535,18.53889512439883,0.09686485441403654,0.3464566929133858,4.8483557202408525
1ves,1ves,100,113,3.0,35.1,43.7,425.6,MA,,2,226,227,0.46017699115044247,0.34513274336283184,0.13274336283185842,0.11504424778761062,0.09734513274336283,0.017699115044247787,0.11504424778761062,0.24778761061946902,3.741346242544523,8.5913865930861,-0.4946902654867257,8.158909859816744,0.05309734513274336,0.017699115044247787,0.05309734513274336,0.061946902654867256,0.035398230088495575,0.09734513274336283,0.0,0.035398230088495575,0.07079646017699115,0.09734513274336283,0.0,0.035398230088495575,0.017699115044247787,0.02654867256637168,0.061946902654867256,0.10619469026548672,0.10619469026548672,0.05309734513274336,0.017699115044247787,0.05309734513274336,227,0,2,124,6,0,22,15,0.026432,0.555066,0.581498,0.02643171806167401,0.5550660792951542,0.4185022026431718,2,22,3.0,5.7272727272727275,3,11,0.32599118942731276,A|B,A:1-113|B:1-113,2,226,1762,358,1,2,9.460176991150442,21.884746480698233,0.10236894374062516,0.2345132743362832,5.251023351916104
2try,2try,106,127,3.0,10.8,124.1,478.8,B1MA,2.60.40.180,2,254,255,0.5354330708661418,0.28346456692913385,0.12598425196850394,0.13385826771653545,0.07874015748031496,0.06299212598425197,0.14173228346456693,0.25984251968503935,-9.417578205628253,5.210021034591591,-0.2779527559055118,8.085813131626264,0.09448818897637795,0.007874015748031496,0.03937007874015748,0.09448818897637795,0.03937007874015748,0.07874015748031496,0.031496062992125984,0.03937007874015748,0.06299212598425197,0.05511811023622047,0.007874015748031496,0.023622047244094488,0.06299212598425197,0.0,0.031496062992125984,0.07874015748031496,0.09448818897637795,0.09448818897637795,0.015748031496062992,0.047244094488188976,255,13,3,119,0,0,40,24,0.05098,0.478431,0.529412,0.050980392156862744,0.47843137254901963,0.47058823529411764,2,21,6.5,5.809523809523809,7,10,0.3333333333333333,A|B,A:1-127|B:1-127,2,254,1956,52,1,0,10.015748031496063,18.748297309025574,0.09871435753788695,0.3188976377952756,4.791848077813803
4lve,4lve,107,114,3.0,39.8,52.9,429.4,MA,2.60.40.10,2,227,228,0.4845814977973568,0.44052863436123346,0.07488986784140969,0.07929515418502203,0.07048458149779736,0.05286343612334802,0.12334801762114538,0.15418502202643172,-1.2750264405284248,5.353497238246746,-0.420704845814978,7.309306992179161,0.05286343612334802,0.01762114537444934,0.04405286343612335,0.03524229074889868,0.02643171806167401,0.07048458149779736,0.0,0.04405286343612335,0.04405286343612335,0.07929515418502203,0.00881057268722467,0.02643171806167401,0.05286343612334802,0.07929515418502203,0.030837004405286344,0.15859030837004406,0.07929515418502203,0.05286343612334802,0.01762114537444934,0.07929515418502203,228,0,0,116,6,0,34,22,0.026316,0.508772,0.535088,0.02631578947368421,0.5087719298245614,0.4649122807017544,2,26,3.0,4.461538461538462,3,7,0.3684210526315789,A|B,A:1-108|B:301-407,2,227,1752,201,1,2,10.193832599118943,17.674978264939163,0.09700391385413412,0.3392070484581498,5.186335883762269
1gke,1gke,108,120,3.0,15.1,98.8,452.2,MA,2.60.40.180,4,480,483,0.525,0.30833333333333335,0.13333333333333333,0.11666666666666667,0.06666666666666667,0.05,0.11666666666666667,0.25,-6.774579691677793,6.071567985986803,-0.24500000000000005,8.051308333333333,0.1,0.008333333333333333,0.05,0.06666666666666667,0.041666666666666664,0.06666666666666667,0.03333333333333333,0.016666666666666666,0.075,0.06666666666666667,0.008333333333333333,0.025,0.05,0.008333333333333333,0.025,0.1,0.08333333333333333,0.10833333333333334,0.016666666666666666,0.05,483,26,6,214,0,0,69,45,0.05383,0.455487,0.509317,0.053830227743271224,0.4554865424430642,0.4906832298136646,4,40,6.5,5.5,8,10,0.34575569358178054,A|B|C|D,A:8-127|B:8-127|C:8-127|D:8-127,4,480,3696,130,1,0,10.175,22.074426115058966,0.09731346659195925,0.3625,4.634575569358178
1etb,1etb,109,127,3.0,8.6,89.6,478.8,B1MA,2.60.40.180,2,235,236,0.5276595744680851,0.28936170212765955,0.13191489361702127,0.1276595744680851,0.059574468085106386,0.059574468085106386,0.11914893617021277,0.25957446808510637,-6.4236398389572,5.580082503106496,-0.19872340425531912,8.43833879583522,0.09361702127659574,0.00851063829787234,0.0425531914893617,0.0851063829787234,0.0425531914893617,0.059574468085106386,0.03404255319148936,0.0425531914893617,0.06382978723404255,0.059574468085106386,0.00851063829787234,0.02553191489361702,0.059574468085106386,0.0,0.03404255319148936,0.0851063829787234,0.09361702127659574,0.10212765957446808,0.01702127659574468,0.0425531914893617,236,14,2,122,0,0,33,18,0.059322,0.525424,0.584746,0.059322033898305086,0.5254237288135594,0.4152542372881356,2,20,7.0,6.2,7,10,0.326271186440678,1|2,1:9-126|2:9-125,2,235,1829,220,1,0,9.74468085106383,17.78152973668223,0.099910109359421,0.25957446808510637,5.120086548864046
1ict,1ict,111,127,3.0,9.5,82.8,478.8,B1MA,2.60.40.180,8,928,935,0.5431034482758621,0.28448275862068967,0.1206896551724138,0.12931034482758622,0.0603448275862069,0.0603448275862069,0.1206896551724138,0.25,-37.41923239576289,5.152765153178734,-0.1293103448275862,8.39776159334126,0.10344827586206896,0.008620689655172414,0.04310344827586207,0.08620689655172414,0.04310344827586207,0.0603448275862069,0.034482758620689655,0.04310344827586207,0.05172413793103448,0.0603448275862069,0.008620689655172414,0.02586206896551724,0.0603448275862069,0.0,0.034482758620689655,0.08620689655172414,0.08620689655172414,0.10344827586206896,0.017241379310344827,0.04310344827586207,935,56,9,466,3,0,112,98,0.063102,0.508021,0.571123,0.06310160427807486,0.5080213903743316,0.4288770053475936,9,78,6.555555555555555,6.089743589743589,8,10,0.31871657754010696,A|B|C|D|E|F|G|H,A:10-125|B:10-125|C:10-125|D:10-125|E:10-125|F:10-125|G:10-125|H:10-125,8,928,7168,48,1,0,10.383620689655173,29.95105416683823,0.09291185954075785,0.37176724137931033,5.275101419878297
1pqe,1pqe,112,126,3.0,33.4,73.7,475.0,MA,2.40.40.20,1,117,117,0.5384615384615384,0.24786324786324787,0.13675213675213677,0.13675213675213677,0.06837606837606838,0.017094017094017096,0.08547008547008547,0.27350427350427353,-3.8037257779775313,5.412470811866115,-0.12564102564102564,9.588744247205785,0.13675213675213677,0.017094017094017096,0.06837606837606838,0.06837606837606838,0.03418803418803419,0.06837606837606838,0.03418803418803419,0.09401709401709402,0.03418803418803419,0.042735042735042736,0.03418803418803419,0.05128205128205128,0.017094017094017096,0.017094017094017096,0.06837606837606838,0.042735042735042736,0.05982905982905983,0.06837606837606838,0.017094017094017096,0.02564102564102564,117,11,0,59,5,0,15,6,0.136752,0.504274,0.641026,0.13675213675213677,0.5042735042735043,0.358974358974359,3,9,5.333333333333333,6.555555555555555,7,13,0.29914529914529914,A,A:1-117,1,117,899,144,1,0,10.068376068376068,13.971891885034879,0.09779097431812364,0.3333333333333333,5.077215282343487
1oax,1oax,117,122,3.0,43.7,55.6,459.8,MA,2.60.40.10,7,675,681,0.5348148148148149,0.3762962962962963,0.09481481481481481,0.05925925925925926,0.10518518518518519,0.035555555555555556,0.14074074074074075,0.15407407407407409,14.274574480906885,8.970575169693802,-0.14251851851851854,7.270147731138547,0.09185185185185185,0.017777777777777778,0.017777777777777778,0.04148148148148148,0.03259259259259259,0.10518518518518519,0.014814814814814815,0.02962962962962963,0.044444444444444446,0.08592592592592592,0.008888888888888889,0.04148148148148148,0.035555555555555556,0.035555555555555556,0.035555555555555556,0.08888888888888889,0.1274074074074074,0.06814814814814815,0.02666666666666667,0.05037037037037037,681,0,2,348,36,0,84,52,0.052863,0.51395,0.566814,0.05286343612334802,0.5139500734214391,0.4331864904552129,12,67,3.0,5.223880597014926,3,9,0.3406754772393539,H|J|L|M|N|O,H:1-122|J:1-122|L:2-109|M:2-109|N:2-109|O:2-109,6,675,5108,98,1,6,10.219259259259259,38.25853205021752,0.09691991674189816,0.38222222222222224,5.252189046609017
1qp1,1qp1,118,107,2.9,36.7,47.5,402.8,MA,2.60.40.10,3,321,323,0.4766355140186916,0.42990654205607476,0.056074766355140186,0.11214953271028037,0.07476635514018691,0.04672897196261682,0.12149532710280374,0.16822429906542055,-18.356793418227962,4.044573156382285,-0.36448598130841126,7.621916324569832,0.04672897196261682,0.018691588785046728,0.07476635514018691,0.037383177570093455,0.028037383177570093,0.07476635514018691,0.0,0.07476635514018691,0.037383177570093455,0.07476635514018691,0.009345794392523364,0.009345794392523364,0.04672897196261682,0.09345794392523364,0.018691588785046728,0.1308411214953271,0.102803738317757,0.037383177570093455,0.009345794392523364,0.07476635514018691,323,0,0,161,9,0,45,31,0.027864,0.498452,0.526316,0.02786377708978328,0.4984520123839009,0.47368421052631576,3,33,3.0,4.878787878787879,3,7,0.3684210526315789,A|B|C,A:1-107|B:1-107|C:1-107,3,321,2487,191,1,3,10.317757009345794,22.324610164637093,0.09531901680060009,0.35202492211838005,5.14290674459651
1bz8,1bz8,119,126,2.9,20.7,117.1,475.0,B1MA,2.60.40.180,2,252,253,0.5238095238095238,0.2857142857142857,0.12698412698412698,0.1349206349206349,0.07936507936507936,0.06349206349206349,0.14285714285714285,0.2619047619047619,-9.415990810071918,5.210023999911755,-0.30952380952380953,7.983718820861678,0.09523809523809523,0.007936507936507936,0.03968253968253968,0.09523809523809523,0.03968253968253968,0.07936507936507936,0.031746031746031744,0.03968253968253968,0.06349206349206349,0.05555555555555555,0.007936507936507936,0.023809523809523808,0.06349206349206349,0.0,0.031746031746031744,0.0873015873015873,0.09523809523809523,0.0873015873015873,0.015873015873015872,0.03968253968253968,253,15,2,114,0,0,33,29,0.059289,0.458498,0.517787,0.05928853754940711,0.45849802371541504,0.48221343873517786,2,19,7.5,6.105263157894737,8,10,0.35968379446640314,A|B,A:1-126|B:1-126,2,252,1930,39,1,0,10.26984126984127,18.164114348641682,0.09600826085419922,0.3611111111111111,4.708701926093231
1f2x,1f2x,121,135,2.9,40.1,49.2,509.2,MA,2.60.40.10,2,252,253,0.5158730158730159,0.4087301587301587,0.0992063492063492,0.06349206349206349,0.1349206349206349,0.023809523809523808,0.15873015873015872,0.1626984126984127,6.71331047318867,8.626712800250061,-0.36269841269841274,7.080989543965734,0.07142857142857142,0.031746031746031744,0.031746031746031744,0.031746031746031744,0.015873015873015872,0.1349206349206349,0.007936507936507936,0.023809523809523808,0.031746031746031744,0.05555555555555555,0.015873015873015872,0.023809523809523808,0.023809523809523808,0.05952380952380952,0.05952380952380952,0.11904761904761904,0.0873015873015873,0.07936507936507936,0.015873015873015872,0.07936507936507936,253,9,0,122,12,0,41,16,0.083004,0.482213,0.565217,0.08300395256916997,0.48221343873517786,0.43478260869565216,6,22,3.5,5.545454545454546,5,8,0.33201581027667987,K|L,K:801-926|L:1002-1127,2,252,1873,117,1,4,10.547619047619047,19.703597878066464,0.09444681354050365,0.40476190476190477,5.086203651421043
1dvy,1dvy,125,124,2.9,12.4,77.1,467.4,B1MA,2.60.40.180,2,229,230,0.5414847161572053,0.2925764192139738,0.1222707423580786,0.1222707423580786,0.0611353711790393,0.05240174672489083,0.11353711790393013,0.2445414847161572,-7.426674033905769,5.405429151055614,-0.10174672489082967,8.43851223279495,0.10480349344978165,0.008733624454148471,0.043668122270742356,0.07860262008733625,0.043668122270742356,0.0611353711790393,0.034934497816593885,0.043668122270742356,0.05240174672489083,0.0611353711790393,0.008733624454148471,0.021834061135371178,0.05240174672489083,0.008733624454148471,0.034934497816593885,0.08733624454148471,0.08733624454148471,0.10480349344978165,0.017467248908296942,0.043668122270742356,230,12,2,120,0,0,37,14,0.052174,0.530435,0.582609,0.05217391304347826,0.5304347826086957,0.41739130434782606,2,20,6.0,6.1,6,10,0.3217391304347826,A|B,A:10-124|B:10-123,2,229,1771,109,1,0,9.88646288209607,17.413309747561605,0.09741271586249751,0.28820960698689957,5.244123789633568
1f86,1f86,126,115,2.9,12.1,112.5,433.2,B1MA,2.60.40.180,2,230,231,0.5478260869565217,0.2782608695652174,0.12173913043478261,0.13043478260869565,0.06086956521739131,0.05217391304347826,0.11304347826086956,0.25217391304347825,-9.422691455564312,5.155129624462461,-0.09391304347826084,8.483702079395085,0.10434782608695652,0.008695652173913044,0.043478260869565216,0.08695652173913043,0.043478260869565216,0.06086956521739131,0.034782608695652174,0.043478260869565216,0.05217391304347826,0.06086956521739131,0.017391304347826087,0.02608695652173913,0.05217391304347826,0.0,0.034782608695652174,0.08695652173913043,0.0782608695652174,0.10434782608695652,0.017391304347826087,0.043478260869565216,231,14,2,121,0,0,31,16,0.060606,0.532468,0.593074,0.06060606060606061,0.5324675324675324,0.4069264069264069,2,20,7.0,6.15,7,10,0.3246753246753247,A|B,A:10-124|B:10-124,2,230,1893,289,1,0,9.930434782608696,17.31520678065343,0.09727827301996099,0.2826086956521739,5.287634105025409
1wit,1wit,131,93,2.9,39.3,50.2,349.6,MA,2.60.40.10,1,93,93,0.5376344086021505,0.21505376344086022,0.13978494623655913,0.12903225806451613,0.06451612903225806,0.053763440860215055,0.11827956989247312,0.26881720430107525,0.013144932571508505,7.030699675818141,-0.10107526881720429,9.24741819863568,0.11827956989247312,0.0,0.06451612903225806,0.06451612903225806,0.053763440860215055,0.06451612903225806,0.010752688172043012,0.07526881720430108,0.10752688172043011,0.08602150537634409,0.0,0.03225806451612903,0.053763440860215055,0.010752688172043012,0.021505376344086023,0.07526881720430108,0.07526881720430108,0.06451612903225806,0.010752688172043012,0.010752688172043012,93,0,3,48,3,0,13,5,0.032258,0.548387,0.580645,0.03225806451612903,0.5483870967741935,0.41935483870967744,1,11,3.0,4.636363636363637,3,11,0.3655913978494624,A,A:1-93,1,93,1432,0,1,0,10.516129032258064,12.749294747782946,0.09222311878858369,0.3870967741935484,5.766909469302809
5lve,5lve,135,114,2.9,36.8,52.5,429.4,MA,2.60.40.10,1,114,114,0.49122807017543857,0.42105263157894735,0.08771929824561403,0.07894736842105263,0.07017543859649122,0.05263157894736842,0.12280701754385964,0.16666666666666666,0.8169130903278337,7.849761242991917,-0.42017543859649126,7.415821021852878,0.06140350877192982,0.017543859649122806,0.043859649122807015,0.03508771929824561,0.02631578947368421,0.07017543859649122,0.0,0.043859649122807015,0.05263157894736842,0.07894736842105263,0.008771929824561403,0.02631578947368421,0.05263157894736842,0.07017543859649122,0.03508771929824561,0.15789473684210525,0.07017543859649122,0.05263157894736842,0.017543859649122806,0.07894736842105263,114,0,0,58,3,0,17,10,0.026316,0.508772,0.535088,0.02631578947368421,0.5087719298245614,0.4649122807017544,1,13,3.0,4.461538461538462,3,7,0.35964912280701755,A,A:1-108,1,114,883,157,1,1,9.807017543859649,13.408679648937252,0.10145344421660211,0.2982456140350877,4.9895352416128045
1dvt,1dvt,137,115,2.9,12.2,77.5,433.2,B1MA,2.60.40.180,2,229,230,0.5414847161572053,0.2925764192139738,0.1222707423580786,0.1222707423580786,0.0611353711790393,0.05240174672489083,0.11353711790393013,0.2445414847161572,-7.426674033905769,5.405429151055614,-0.10174672489082967,8.43851223279495,0.10480349344978165,0.008733624454148471,0.043668122270742356,0.07860262008733625,0.043668122270742356,0.0611353711790393,0.034934497816593885,0.043668122270742356,0.05240174672489083,0.0611353711790393,0.008733624454148471,0.021834061135371178,0.05240174672489083,0.008733624454148471,0.034934497816593885,0.08733624454148471,0.08733624454148471,0.10480349344978165,0.017467248908296942,0.043668122270742356,230,14,2,120,0,0,35,14,0.06087,0.530435,0.591304,0.06086956521739131,0.5304347826086957,0.40869565217391307,2,20,7.0,6.1,7,10,0.3217391304347826,A|B,A:10-124|B:10-123,2,229,1771,93,1,0,9.965065502183407,17.34298661057514,0.09690089144237615,0.30131004366812225,5.285817353332068
